Writer ID,Name,Existing classification,Evidence follow-up,Specific findings,Independent factual review,Words,Book cards
20,Arundhati Mohanty/ ଡ. ଅରୁନ୍ଧତୀ ମହାନ୍ତି,source_limited_local_draft,source_limited,,pending,98,0
21,Manorama Choudhury / ମନୋରମା ଚୌଧୁରୀ,source_checked_local_draft,all_recorded_sources_indexed_only,,pending,86,1
23,Dilip Mohapatra,source_checked_local_draft,,,pending,113,0
24,Bina Singh,source_checked_local_draft,,,pending,111,1
25,Soubhagyabanta Moharana/ସୌଭାଗ୍ୟବନ୍ତ ମହାରଣା,source_checked_local_draft,,,pending,127,0
26,Sujata Parashar,source_checked_local_draft,,,pending,127,1
27,Prahallad Satapathy/ଡ଼.ପ୍ରହଲ୍ଲାଦ ଶତପଥୀ,source_checked_local_draft,all_recorded_sources_indexed_only,,pending,61,0
28,Tejaswini Patil,source_checked_local_draft,,,pending,67,1
29,Debajani Ray/ଦେବଯାନୀ ରାୟ,source_limited_local_draft,source_limited,,pending,87,0
30,Phani Mohanty/ଫନୀ ମହାନ୍ତି,source_checked_local_draft,,,pending,98,2
31,Shuvashri Subhasmita Mishra/ଶୁଭଶ୍ରୀ ଶୁଭସ୍ମିତା ମିଶ୍ର,source_checked_local_draft,all_recorded_sources_indexed_only,,pending,120,1
32,Bhaswati Basu/ଭାସ୍ୱତୀ ବସୁ,source_limited_local_draft,source_limited,,pending,106,0
34,Madhuri Panda/ମାଧୁରୀ ପଣ୍ଡା,source_limited_local_draft,source_limited,,pending,97,0
35,Sharmistha Sahoo/ଶର୍ମିଷ୍ଠା ସାହୁ,source_checked_local_draft,,,pending,138,1
36,Diptirekha Das,source_checked_local_draft,,,pending,114,0
37,Jayantika/ଜୟନ୍ତିକା,source_checked_local_draft,,,pending,102,0
38,Sweta Rout/ଶ୍ଵେତା ରାଉତ,source_checked_local_draft,all_recorded_sources_indexed_only,,pending,127,0
39,Gopal Lahiri,source_checked_local_draft,,,pending,96,0
40,Sujata Dash,source_checked_local_draft,all_recorded_sources_indexed_only,KBL-WA-012,pending,139,2
41,Pravakar Satapathy/ ପ୍ରଭାକର ଶତପଥୀ,source_checked_local_draft,,,pending,190,3
42,Nandita Samanta,source_checked_local_draft,,,pending,101,2
44,Rajorshi Patranabis,source_checked_local_draft,,,pending,113,2
45,Manjula Asthana Mahanti,source_checked_local_draft,,,pending,123,1
46,Sharmila Ray,source_checked_local_draft,,,pending,134,1
47,Bhaskaranand Jha Bhaskar,source_checked_local_draft,,,pending,119,1
48,Sunita Paul,source_checked_local_draft,,,pending,131,1
49,Sujit Kumar Satapathy/ସୁଜିତ କୁମାର ଶତପଥି,source_checked_local_draft,all_recorded_sources_indexed_only,KBL-WA-011,pending,59,1
51,Jyoti Jha,source_checked_local_draft,,,pending,124,1
52,Amita Roy,source_checked_local_draft,,,pending,122,1
53,Jernail Singh Anand,source_checked_local_draft,,,pending,128,0
54,Bhagaban Jayasingh,source_checked_local_draft,,,pending,112,1
55,Elanaaga,source_checked_local_draft,,,pending,103,0
56,Debarati Sen,source_checked_local_draft,all_recorded_sources_indexed_only,,pending,76,2
57,Nandini Sahu,source_checked_local_draft,,,pending,122,2
58,Parashuram Rao Gande,source_checked_local_draft,,,pending,116,0
59,Nurul Hoque,source_checked_local_draft,,,pending,110,1
60,Swapna Behera,source_checked_local_draft,all_recorded_sources_indexed_only,,pending,143,2
61,Bipin Patsani,source_checked_local_draft,,,pending,130,1
62,Paramita Mukherjee Mullick,source_checked_local_draft,,,pending,77,1
63,Harinder Cheema,source_checked_local_draft,,,pending,96,0
65,Purabi Das,source_checked_local_draft,all_recorded_sources_indexed_only,,pending,110,1
67,Debajani Tripathy/ଦେବଯାନୀ ତ୍ରିପାଠୀ,source_checked_local_draft,,,pending,101,0
68,Debendra Lal/ଦେବେନ୍ଦ୍ର ଲାଲ୍,source_checked_local_draft,,,pending,104,0
69,Senapati Pradyumna Keshari/ସେନାପତି ପ୍ରଦ୍ୟୁମ୍ନ କେଶରୀ,source_checked_local_draft,,,pending,128,1
70,Pratiksha Jena/ପ୍ରତୀକ୍ଷା ଜେନା,source_checked_local_draft,,,pending,110,1
71,Jayanti Rath/ଜୟନ୍ତୀ ରଥ,source_checked_local_draft,,,pending,106,1
72,Mukul Mishra/ମୁକୁଲ୍ ମିଶ୍ର,source_checked_local_draft,,,pending,108,0
73,Babita Mohapatra/ବବିତା ମହାପାତ୍ର,source_checked_local_draft,,,pending,112,0
74,Aneek Chatterjee,source_checked_local_draft,,,pending,121,2
75,Nilim Kumar,source_checked_local_draft,,,pending,116,1
76,Rashmi Mohapatra/ ରଶ୍ମି ମହାପାତ୍ର,source_checked_local_draft,,,pending,66,0
77,Adyasha Priyadarshini,source_limited_local_draft,source_limited,,pending,78,0
78,Mamata Pattnaik/ ମମତା ପଟ୍ଟନାୟକ,source_checked_local_draft,,,pending,105,0
79,Gourhari Das/ ଗୌରହରି ଦାସ,source_checked_local_draft,,,pending,107,1
80,Bidyutaprava Gantayat/ ବିଦ୍ୟୁତ ପ୍ରଭା ଗନ୍ତାୟତ,source_checked_local_draft,,,pending,115,0
81,Lipsa Patel / ଲିପସା ପଟେଲ,source_limited_local_draft,source_limited,,pending,101,0
82,Narmada Nilotpala / ନର୍ମଦା ନୀଳୋତ୍ପଳା,source_checked_local_draft,source_access_not_recorded,KBL-WA-019,pending,49,1
83,Amiya Ranjan Mohapatra / ଅମିୟ ରଞ୍ଜନ ମହାପାତ୍ର,source_limited_local_draft,source_limited,,pending,84,0
84,Lipika Das/ ଲିପିକା ଦାସ,source_limited_local_draft,source_limited,,pending,100,0
85,Rajendra Padhi,source_checked_local_draft,,,pending,101,0
86,Makhan Kalita,source_checked_local_draft,,,pending,105,0
87,Sunil Sharma,source_checked_local_draft,,,pending,129,1
88,Sanghamitra Raiguru / ସଂଘମିତ୍ରା ରାଏଗୁରୁ,source_limited_local_draft,source_limited,,pending,126,0
89,Naheed Akhtar,source_checked_local_draft,all_recorded_sources_indexed_only,,pending,115,2
90,Hardaman Singh,source_checked_local_draft,,,pending,103,0
91,Anu Girdhar,source_checked_local_draft,,,pending,98,1
92,Archana Bahadur Zutshi,source_checked_local_draft,,,pending,119,0
93,Jayanta Mohapatra/ଜୟନ୍ତ ମହାପାତ୍ର,source_checked_local_draft,,,pending,105,0
94,Ketaki Datta,source_checked_local_draft,,,pending,106,0
95,Gopa Nayak,source_checked_local_draft,,,pending,100,0
96,Sharanya,source_checked_local_draft,,,pending,131,0
97,Amit Shankar Saha,source_checked_local_draft,,,pending,114,1
98,Rituparna Khan,source_checked_local_draft,,,pending,96,1
99,Gopa Bhattacharjee,source_checked_local_draft,,,pending,86,0
100,Sreetanwi Chakraborty,source_checked_local_draft,,,pending,127,1
101,Sarita Naik,source_checked_local_draft,,,pending,108,0
102,"Pradeep Rath,",source_checked_local_draft,,,pending,112,0
103,Nisha luthra,source_checked_local_draft,,,pending,113,1
104,Rajashree Mohapatra,source_checked_local_draft,,,pending,101,0
105,Runa Srivastava,source_checked_local_draft,,,pending,102,1
106,Mandakini Bhattacharjee,source_checked_local_draft,,KBL-WA-007,pending,115,0
107,Santosh Bakya,source_limited_local_draft,source_limited,,pending,96,0
108,Lopamudra Mishra,source_limited_local_draft,source_limited,,pending,99,0
109,Rachita Swain,source_checked_local_draft,,,pending,105,0
110,Mahua Sen,source_checked_local_draft,,,pending,116,1
111,Himanshu Jena,source_checked_local_draft,,,pending,101,1
112,Preety Bora,source_checked_local_draft,all_recorded_sources_indexed_only,,pending,107,1
113,Arti Kumari,source_checked_local_draft,,,pending,117,0
115,Mousumi Das/ମୌସୁମୀ ଦାସ,source_limited_local_draft,source_limited,,pending,95,0
116,Manini Mishra/ମାନିନୀ ମିଶ୍ର,source_limited_local_draft,source_limited,,pending,98,0
117,Kamadev Moharana/କାମଦେବ ମହାରଣା,source_checked_local_draft,,,pending,135,0
118,Ipsita Sarangi/ଈପ୍ସିତା ଷଡ଼ଙ୍ଗୀ,source_checked_local_draft,all_recorded_sources_indexed_only,,pending,110,0
119,Bhagirathi Mishra/ ଭାଗିରଥି ମିଶ୍ର,source_checked_local_draft,,,pending,118,0
120,Piyusha Pattnaik/ପୀୟୂଷ ପଟ୍ଟନାୟକ,source_limited_local_draft,source_limited,,pending,84,0
121,Prativa Parida/ପ୍ରତିଭା ପରିଡା,source_limited_local_draft,source_limited; all_recorded_sources_indexed_only,,pending,82,0
122,Snehaprava Das,source_checked_local_draft,,,pending,136,1
123,Nidhi Garga,source_checked_local_draft,,,pending,96,0
124,Balaram Pujari/ବଳରାମ ପୂଜାରୀ,source_limited_local_draft,source_limited,,pending,93,0
125,Agnivesh Mahapatra,source_checked_local_draft,,,pending,106,0
126,Akshaya Kumar Das,source_checked_local_draft,all_recorded_sources_indexed_only,,pending,109,0
129,Anadi Charan Pradhan,source_checked_local_draft,,,pending,101,0
130,Anjali Sahoo,source_checked_local_draft,,,pending,105,0
131,Antaryami Mishra,source_checked_local_draft,,,pending,105,0
133,Bhagyashree Mishra,source_checked_local_draft,,,pending,106,0
134,Braja K Sorkar,source_checked_local_draft,,,pending,131,1
135,Gargi Saha,source_checked_local_draft,,,pending,105,0
136,Kaberi Chattopadhyaya,source_checked_local_draft,,,pending,123,1
137,Leena Thampi,source_checked_local_draft,,,pending,114,0
138,Madhumita,source_checked_local_draft,,,pending,94,0
139,MALAKSHMI BORTHAKUR,source_checked_local_draft,all_recorded_sources_indexed_only,,pending,116,0
140,Monalisa Parida,source_checked_local_draft,all_recorded_sources_indexed_only,,pending,125,0
141,Namitarani Panda,source_checked_local_draft,,,pending,118,2
142,Nisith Raj,source_checked_local_draft,,KBL-WA-005,pending,105,1
144,RANJANA SHARAN SINHA,source_checked_local_draft,,,pending,103,1
145,Ranjit Dutta,source_checked_local_draft,,,pending,108,1
146,Sarita Jenamani,source_checked_local_draft,,,pending,133,1
147,Sreedharan Parokode,source_checked_local_draft,,,pending,125,1
148,Sigma,source_checked_local_draft,,,pending,120,0
149,Sukanti Mohapatra,source_checked_local_draft,all_recorded_sources_indexed_only,,pending,130,1
150,Sutanuka Ghosh Roy,source_checked_local_draft,,,pending,120,2
151,Trishna Basak,source_checked_local_draft,,,pending,115,1
152,Urna Bose,source_checked_local_draft,,,pending,105,0
153,Dipak Samantarai,source_checked_local_draft,,,pending,101,0
154,Sujata Mishra/ସୁଜାତା ମିଶ୍ର,source_limited_local_draft,source_limited,,pending,93,0
155,Kedar Mishra/କେଦାର ମିଶ୍ର,source_checked_local_draft,,,pending,101,1
156,Snehalata Prusty/ ସ୍ନେହଲତା ପୃଷ୍ଟି,source_checked_local_draft,,,pending,99,1
157,Mousumi Parida/ ମୌସୁମୀ ପରିଡା,source_checked_local_draft,,,pending,108,0
158,Ashok Kumar Singh/ ଡ଼ଃ ଅଶୋକ କୁମାର ସିଂହ,source_checked_local_draft,,,pending,115,1
159,Bipin Naik/ ବିପିନ ନାୟକ,source_checked_local_draft,,,pending,128,1
160,Susama Dash/ସୁଷମା ଦାଶ୍,source_limited_local_draft,source_limited,,pending,119,0
161,Jnani Debashis Mishra/ ଜ୍ଞାନୀ ଦେବାଶିଷ ମିଶ୍ର,source_checked_local_draft,,,pending,104,0
162,Hiranmayee Mishra/ ହିରଣ୍ମୟୀ ମିଶ୍ର,source_checked_local_draft,,,pending,112,0
163,Garima / गरिमा,source_checked_local_draft,,,pending,102,0
164,Haraprit Kaur/ हरप्रीत कौर,source_limited_local_draft,source_limited,,pending,82,0
165,Ritu Mahipal / रितु महिपाल,source_limited_local_draft,source_limited,,pending,107,0
166,Sunanda Pattanaik Janah / सुनन्दा पट्टनायक जाना,source_checked_local_draft,all_recorded_sources_indexed_only,,pending,103,0
167,Nikhilesh Mishra/ ନିଖିଳେଶ ମିଶ୍ର,source_checked_local_draft,,,pending,106,2
168,Adyasha Das,source_checked_local_draft,,,pending,115,1
169,Prabashini Mahakuda,source_checked_local_draft,,,pending,116,1
170,Angurbala Parida,source_checked_local_draft,,,pending,108,0
171,Anindita Bose,source_checked_local_draft,,,pending,137,1
172,Rumpa Ray-Ghosh,source_checked_local_draft,,,pending,108,1
173,Sohela Chhotaray,source_limited_local_draft,source_limited,,pending,111,0
174,Akhil Kumar Mishra,source_checked_local_draft,all_recorded_sources_indexed_only,,pending,111,1
175,Sonali Pattnaik,source_checked_local_draft,,,pending,124,1
176,Gayatree G Lahon,source_checked_local_draft,all_recorded_sources_indexed_only,,pending,88,0
177,Soumen Ray,source_checked_local_draft,all_recorded_sources_indexed_only,KBL-WA-006,pending,95,1
178,Ajit Dash,source_checked_local_draft,,,pending,88,0
179,Bijayalaxmi Rath,source_checked_local_draft,,,pending,110,0
180,Poonam Sood,source_checked_local_draft,,,pending,111,1
181,Sarita Prusty,source_checked_local_draft,,,pending,111,0
182,Ranjan Kumar Das,source_checked_local_draft,,,pending,112,0
183,Pankhuri Sinha,source_checked_local_draft,,,pending,108,1
184,Varsha Saran,source_checked_local_draft,all_recorded_sources_indexed_only,,pending,60,0
185,Madhu Sriwastav,source_checked_local_draft,,,pending,123,0
186,Ranjita Panda,source_limited_local_draft,source_limited,,pending,90,0
187,Sonia Gupta,source_checked_local_draft,,,pending,104,1
188,Sushant Thapa,source_checked_local_draft,,,pending,115,1
189,Seeta Maya Rai,source_checked_local_draft,,,pending,105,1
190,Vandana Kumar,source_checked_local_draft,,,pending,118,1
191,Subrat Kumar Senapati,source_checked_local_draft,,,pending,115,1
192,Neelam Saxena Chandra,source_checked_local_draft,,KBL-WA-001,pending,108,2
193,Sheba Jamal,source_checked_local_draft,,,pending,106,0
194,Ananya Goswami,source_limited_local_draft,source_limited,,pending,85,0
195,Tandra Mishra,source_checked_local_draft,all_recorded_sources_indexed_only,KBL-WA-013,pending,111,0
196,Ipsita Ganguli,source_checked_local_draft,,,pending,94,0
197,Pradeepti Sharma,source_checked_local_draft,all_recorded_sources_indexed_only,,pending,111,0
198,Dola Dutta Roy,source_checked_local_draft,,,pending,124,0
199,Priyalakshmi Gogoi,source_checked_local_draft,,,pending,114,0
200,Susmita Patel,source_checked_local_draft,,,pending,113,0
201,Umesh Chandra Mohapatra,source_checked_local_draft,all_recorded_sources_indexed_only,,pending,129,0
202,Boby Borah,source_limited_local_draft,source_limited,,pending,114,0
203,Renette D Souza,source_checked_local_draft,,,pending,119,0
204,Chittaranjan Mishra/ ଚିତ୍ତ ରଞ୍ଜନ ମିଶ୍ର,source_checked_local_draft,,,pending,117,0
205,Pranati Behera / ପ୍ରଣତି ବେହେରା,source_limited_local_draft,source_limited,,pending,105,0
206,Asish Kumar Mishra/ ଆଶିଷ କୁମାର ମିଶ୍ର,source_checked_local_draft,,,pending,87,0
207,Sumati Mund / ସୁମତି ମୁଣ୍ଡ,source_limited_local_draft,source_limited,,pending,36,0
208,Nandini Mitra,source_checked_local_draft,,,pending,111,1
209,Ramakrushna/ ରାମକୃଷ୍ଣ,source_limited_local_draft,source_limited,,pending,111,0
210,Trinath Singh/ ତ୍ରିନାଥ ସିଂ,source_checked_local_draft,all_recorded_sources_indexed_only,,pending,116,1
211,Eva Petropoulou-Lianou,source_checked_local_draft,,,pending,88,0
212,Prasanna Kumar Swain / ପ୍ରସନ୍ନ କୁମାର ସ୍ଵାଇଁ,source_checked_local_draft,,,pending,110,0
213,Laszlo Aranyi,source_checked_local_draft,all_recorded_sources_indexed_only,,pending,105,0
214,Rabi Satapathy / ରବି ଶତପଥି,source_checked_local_draft,,,pending,116,1
215,Santasree Choudhury,source_checked_local_draft,,,pending,102,0
216,Bibhu Padhi,source_checked_local_draft,,,pending,98,1
217,Binaya Kumar Mohanty / ବିନୟ କୁମାର ମହାନ୍ତି,source_limited_local_draft,source_limited,,pending,116,0
218,Zakir Khan / ଜାକିର ଖାନ,source_checked_local_draft,,KBL-WA-015,pending,128,1
219,Chaitali Chattopadhyay,source_checked_local_draft,,,pending,108,1
220,Shankar Parida/ଶଙ୍କର ପରିଡା,source_limited_local_draft,source_limited,,pending,99,0
222,Himanshu Parida / ହିମାଂଶୁ ପରିଡା,source_checked_local_draft,,,pending,89,1
223,Jyoti Shankar Panda “Hayat”,source_limited_local_draft,source_limited,,pending,82,0
224,Neelam Saxena Chandra,source_checked_local_draft,,KBL-WA-001,pending,108,2
225,Jaydeep Sarangi,source_checked_local_draft,,,pending,108,1
226,Malini Mohanty,source_limited_local_draft,source_limited,,pending,83,0
227,Sweety Sony Lall,source_limited_local_draft,source_limited,,pending,76,0
228,Kakoli Ghosh,source_checked_local_draft,all_recorded_sources_indexed_only,,pending,104,0
229,Tahera Mannan,source_checked_local_draft,all_recorded_sources_indexed_only,,pending,115,1
230,Raghu Seshabhattar,source_checked_local_draft,,,pending,117,2
231,Jinatamam Darji,source_limited_local_draft,source_limited,,pending,107,0
232,Kavita Singh,source_checked_local_draft,,,pending,109,0
233,Manju Chouhan,source_checked_local_draft,all_recorded_sources_indexed_only,,pending,87,0
234,Til Kumari Sharma,source_checked_local_draft,all_recorded_sources_indexed_only,,pending,119,1
235,Sasmita Rout,source_limited_local_draft,source_limited,,pending,87,0
236,Divya Vats,source_checked_local_draft,all_recorded_sources_indexed_only,KBL-WA-014,pending,94,0
237,Tamali Neogi,source_checked_local_draft,all_recorded_sources_indexed_only,,pending,117,1
238,Eileen Moynihan,source_checked_local_draft,,,pending,103,0
239,Seema Sharma,source_limited_local_draft,source_limited,,pending,100,0
240,Anita Ray,source_limited_local_draft,source_limited,,pending,77,0
241,Malay Mishra,source_limited_local_draft,source_limited,,pending,89,0
243,Aarti Mittal,source_checked_local_draft,all_recorded_sources_indexed_only,,pending,106,0
244,Nilima Bora,source_limited_local_draft,source_limited,,pending,96,0
245,Riyahh Nanda/ରିୟା ନନ୍ଦ,source_limited_local_draft,source_limited,,pending,101,0
246,Jagari Mukherjee,source_checked_local_draft,,,pending,92,1
248,Neha Vertika,source_checked_local_draft,,,pending,109,0
249,Mamata Kiran / ममता किरण,source_checked_local_draft,,,pending,120,0
250,Daipayan Nair,source_checked_local_draft,,,pending,105,0
251,Dhananjay Kumar,source_limited_local_draft,source_limited,,pending,74,0
252,Nivedita Roy,source_checked_local_draft,,,pending,98,3
253,Aparna Mohanty /,source_checked_local_draft,,,pending,97,1
254,Ratnamala Swain / ରତ୍ନମାଳା ସ୍ବାଇଁ,source_checked_local_draft,,,pending,138,2
255,Tulika,source_checked_local_draft,all_recorded_sources_indexed_only,KBL-WA-003,pending,123,0
256,Neha Bhandarkar,source_checked_local_draft,,KBL-WA-002,pending,101,1
257,Majrooh Rashid,source_checked_local_draft,source_access_not_recorded,KBL-WA-019,pending,129,3
258,Gargi Sarkhel Bagchi,source_checked_local_draft,,,pending,126,1
259,Surbhi Islam,source_checked_local_draft,,,pending,108,2
260,Aparna Pradhan,source_checked_local_draft,,,pending,110,1
262,Sudeshna Mukherjee,source_checked_local_draft,all_recorded_sources_indexed_only,,pending,95,1
263,Nibha Utpreksha,source_checked_local_draft,all_recorded_sources_indexed_only,,pending,94,0
264,Geethanjali Dilip,source_checked_local_draft,,,pending,94,0
265,Manua Das / ମନୁଆ ଦାସ,source_checked_local_draft,,,pending,112,0
266,Sumit Panda / ସୁମିତ ପଣ୍ଡା,source_checked_local_draft,,,pending,95,0
267,Reetwika Banerjee,source_checked_local_draft,,,pending,120,2
268,Kumudini Ved,source_checked_local_draft,all_recorded_sources_indexed_only,,pending,110,0
269,Ritamvara Bhattacharya,source_checked_local_draft,,,pending,124,2
270,Raja Rajeswari Seetha Raman,source_checked_local_draft,,,pending,113,1
271,Bebina Rath/ ବେବିନା ରଥ,source_limited_local_draft,source_limited,,pending,81,0
272,Minu Verma / मीनू वर्मा,source_limited_local_draft,source_limited,,pending,116,0
273,Swapnajita Sankhua / ସ୍ଵପ୍ନାଜିତା ଶଙ୍ଖୁଆ,source_checked_local_draft,,,pending,102,1
274,Timothy Michael DiVito,source_checked_local_draft,all_recorded_sources_indexed_only,,pending,114,1
275,Avantika Vijay Singh,source_checked_local_draft,,,pending,95,0
276,Satya Meher/ ସତ୍ଯ ମେହେର,source_limited_local_draft,source_limited,,pending,95,0
277,Sandhya Ghadei / ସଂଧ୍ଯା ଘଡେଇ,source_limited_local_draft,source_limited,,pending,95,0
278,Sulekha Sarkar,source_checked_local_draft,,,pending,122,0
279,Palavali Vijayalakshmi Pandit,source_checked_local_draft,,,pending,107,1
280,Mukul Kumar,source_checked_local_draft,all_recorded_sources_indexed_only,,pending,124,0
281,Sudipta Mishra,source_checked_local_draft,all_recorded_sources_indexed_only,,pending,113,1
282,Suchismita Ghoshal,source_checked_local_draft,,,pending,98,1
283,Priyanka Banerjee,source_checked_local_draft,,,pending,117,0
284,Deepika Dash,source_limited_local_draft,source_limited,,pending,94,0
285,Alka Nigam,source_checked_local_draft,,,pending,94,0
286,Ashok Bhargab,source_checked_local_draft,,,pending,96,2
287,Utpal Man,source_limited_local_draft,source_limited,,pending,103,0
288,Selma Kopic,source_checked_local_draft,,,pending,107,0
289,Misna Chanu,source_checked_local_draft,,,pending,117,1
290,Sangarm Jena,source_checked_local_draft,all_recorded_sources_indexed_only,,pending,102,1
291,Padmaja Saran,source_checked_local_draft,,,pending,120,0
292,Anju kapoor,source_checked_local_draft,,,pending,104,0
293,Rita Chugh,source_checked_local_draft,,,pending,96,0
294,Tapeshwar Prasad,source_checked_local_draft,,,pending,125,1
295,Jyoti Nanda,source_checked_local_draft,,,pending,103,0
296,Jyosthnarani Bhoi/ଜ୍ୟୋତ୍ସ୍ନା ରାନୀ ଭୋଇ,source_limited_local_draft,source_limited,,pending,77,0
297,Satyaranjan Praharaj/ ସତ୍ୟ ରଞ୍ଜନ ପ୍ରହରାଜ,source_checked_local_draft,,,pending,108,0
298,Tuhinamshu Rath,source_limited_local_draft,source_limited,,pending,115,0
299,Surendra Panigrahi/ ସୁରେନ୍ଦ୍ର ପାଣିଗ୍ରାହୀ,source_checked_local_draft,,,pending,103,2
300,Lisa Patnaik,source_limited_local_draft,source_limited,,pending,105,0
301,Jay Jagdev,source_checked_local_draft,,,pending,96,0
302,Monalisa Dash Dwibedy,source_checked_local_draft,,,pending,118,1
303,Kajal Chaudhury,source_limited_local_draft,source_limited,,pending,88,0
304,Haimanti Dutta Ray,source_checked_local_draft,,,pending,108,0
305,K. V. Dominic,source_checked_local_draft,,,pending,126,1
306,Paulami Sengupta,source_checked_local_draft,,,pending,100,2
308,Sakti Sekhar Dash,source_checked_local_draft,,,pending,121,2
309,Suresh Kumar Nayak/ସୁରେଶ କୁମାର ନାୟକ,source_limited_local_draft,source_limited,,pending,111,0
310,Goutam Jena/ଗୌତମ ଜେନା,source_limited_local_draft,source_limited,,pending,86,0
311,Malaya Kumar Jati,source_checked_local_draft,,,pending,100,1
313,Mrinmoy Kumar Nath,source_checked_local_draft,,,pending,106,0
314,Purabi Satapathy/ ପୂରବୀ ଶତପଥି,source_checked_local_draft,all_recorded_sources_indexed_only,,pending,95,1
315,Prafulla K. Panda,source_checked_local_draft,,,pending,110,0
316,Pritha Chakraborty,source_checked_local_draft,,,pending,91,0
317,Niranjan Barik,source_checked_local_draft,,,pending,107,1
318,Ranu Uniyal,source_checked_local_draft,,KBL-WA-016,pending,116,2
319,Sabyasachi Bisoi/ ସବ୍ୟସାଚୀ ବିଷୋୟୀ,source_checked_local_draft,,,pending,108,0
320,Binod Kumar / विनोद कुमार `बल्लोपुरी`,source_limited_local_draft,source_limited,,pending,84,0
321,Ashish Vidyarthi/ आशीष विद्यार्थी,source_limited_local_draft,source_limited,,pending,78,0
322,Neeta Sagar,source_limited_local_draft,source_limited,,pending,103,0
323,Anish Kanjilal,source_checked_local_draft,,,pending,92,2
325,Pragyan Pattnaik,source_checked_local_draft,,,pending,94,1
326,Mitra Samal,source_checked_local_draft,,,pending,107,1
327,Prabhanjan K. Mishra,source_checked_local_draft,all_recorded_sources_indexed_only,,pending,85,1
328,Swagatika Mishra/ ସ୍ବାଗତିକା ମିଶ୍ର,source_limited_local_draft,source_limited,,pending,88,0
329,Bichitra Dash/ ବିଚିତ୍ରା ଦାଶ,source_limited_local_draft,source_limited,,pending,81,0
330,Abanindra Udgata/ ଅବନୀନ୍ଦ୍ର ଉଦଗାତା,source_checked_local_draft,,,pending,95,0
331,Soumya Sephali Sahoo,source_checked_local_draft,,,pending,116,0
332,Manini Jena / ମାନିନୀ ଜେନା,source_checked_local_draft,all_recorded_sources_indexed_only,,pending,108,0
333,Sangita Das/ ସଂଗୀତା ଦାସ,source_limited_local_draft,source_limited,,pending,99,0
334,Mahi Rao/ माही राव,source_limited_local_draft,source_limited,,pending,85,0
335,Lopamudra Banerjee,source_checked_local_draft,,,pending,128,1
337,Sabita Singh Meera/ सविता सिंह मीरा,source_checked_local_draft,source_access_not_recorded,KBL-WA-019,pending,59,0
338,Chirashree Indrasingh,source_checked_local_draft,,,pending,119,1
339,Matralina Pati,source_checked_local_draft,,,pending,113,1
340,Sangeeta Dey ( Roy),source_checked_local_draft,,,pending,130,2
341,Randy Brooks,source_checked_local_draft,,,pending,111,2
342,Reema Sinha,source_checked_local_draft,,KBL-WA-004,pending,96,0
344,Dilip Rakshit,source_checked_local_draft,,,pending,104,0
345,Mallika Tripathi,source_checked_local_draft,,,pending,100,0
346,Binapani Debta / ବୀଣାପାଣି ଦେବତା,source_limited_local_draft,source_limited,,pending,88,0
347,Aakash Nayak,source_limited_local_draft,source_limited,,pending,82,0
349,Sanjay Kumar Sahoo/ ସଂଜୟ କୁମାର ସାହୁ,source_limited_local_draft,source_limited,,pending,104,0
351,Eli Mohanty/ ଏଲି ମହାନ୍ତି,source_limited_local_draft,source_limited,,pending,92,0
352,Ramakanta Samantaray/ ରମାକାନ୍ତ ସାମନ୍ତରାୟ,source_limited_local_draft,source_limited,,pending,82,0
353,Shishir Naik/ ଶିଶିର ନାୟକ,source_limited_local_draft,source_limited,,pending,97,0
354,Sudhakar Gaidhani,source_checked_local_draft,,,pending,125,1
355,Chaitali Sengupta,source_checked_local_draft,,,pending,109,1
356,Maitreyee B Chowdhury,source_checked_local_draft,,,pending,112,1
357,May Manoj,source_limited_local_draft,source_limited,,pending,79,0
358,Maid Corbic,source_checked_local_draft,,,pending,120,0
359,Rakesh Chandra,source_checked_local_draft,,,pending,93,1
360,Shakuntala Gupta/ ଶକୁନ୍ତଳା ଗୁପ୍ତା,source_checked_local_draft,all_recorded_sources_indexed_only,,pending,132,0
361,Pusparani Patel/ ପୁଷ୍ପରାଣୀ ପଟେଲ,source_checked_local_draft,all_recorded_sources_indexed_only,,pending,107,1
362,Mridula Menon,source_limited_local_draft,source_limited,,pending,111,0
363,Julie Miles,source_limited_local_draft,source_limited,,pending,86,0
364,Punyadeepa Khamari / पुण्यदीपा खमारी,source_checked_local_draft,,,pending,112,0
365,Shankar Chhatria / ଶଙ୍କର ଚ୍ଛତ୍ରିଆ,source_limited_local_draft,source_limited,,pending,90,0
366,Neha Bhandarkar,source_checked_local_draft,,KBL-WA-002,pending,101,1
368,Raja Chakraborty,source_checked_local_draft,,,pending,92,2
369,Afruja Akhtar,source_checked_local_draft,all_recorded_sources_indexed_only,,pending,81,0
370,Binati Satapathy/ ବିନତି ଶତପଥି,source_limited_local_draft,source_limited,,pending,75,0
371,Ketaki Mazumdar,source_checked_local_draft,,,pending,100,1
372,Swapna Mishra/ ସ୍ଵପ୍ନା ମିଶ୍ର,source_checked_local_draft,,,pending,115,1
373,Devika Tripathy,source_limited_local_draft,source_limited,,pending,98,0
374,Madhu Jaiswal,source_checked_local_draft,,,pending,115,0
376,Manoj Chola,source_limited_local_draft,source_limited,,pending,99,0
377,Vikramaditya Singh / विक्रमादित्य सिंह,source_limited_local_draft,source_limited,,pending,79,0
379,Anjali Pattnaik / ଅଂଜଳି ପଟ୍ଟନାୟକ,source_limited_local_draft,source_limited,,pending,82,0
380,Anita Panda/ अनिता पंडा,source_checked_local_draft,,,pending,95,0
381,Amanita Sen,source_checked_local_draft,,,pending,98,1
382,Gopikrishnan Kottoor,source_checked_local_draft,,KBL-WA-018,pending,113,1
383,Inam Hussain Begg Mullick,source_checked_local_draft,,,pending,103,1
384,Subash Singh Parajuli,source_checked_local_draft,,,pending,128,1
385,Rupa Rao,source_checked_local_draft,all_recorded_sources_indexed_only,,pending,93,1
386,Bharadwaj Mishra,source_checked_local_draft,,,pending,100,0
387,Kavita Singh,source_limited_local_draft,source_limited,,pending,93,0
388,Aiswarya Pradhan /ଐଶ୍ୱର୍ଯ୍ୟା ପ୍ରଧାନ,source_checked_local_draft,,,pending,91,0
389,Gayatri Das,source_limited_local_draft,source_limited,KBL-WA-018,pending,19,0
390,Bharati Nayak,source_checked_local_draft,,,pending,142,1
391,Mrutyunjay Sarangi,source_checked_local_draft,,,pending,134,1
392,M.Rudra,source_limited_local_draft,source_limited,,pending,104,0
393,Sankha Ranjan Patra,source_checked_local_draft,all_recorded_sources_indexed_only,,pending,112,2
394,Abeera Mirza,source_checked_local_draft,,,pending,90,0
395,Johny Takkedasila,source_checked_local_draft,,,pending,88,1
396,Sheila Mary Fraser Porter,source_limited_local_draft,source_limited,,pending,103,0
398,Aishwariya Laxmi,source_checked_local_draft,,,pending,97,1
399,Satyananda Sarangi,source_checked_local_draft,,,pending,120,0
400,Heba Fatima,source_checked_local_draft,,,pending,115,0
401,Marmasparshee Priyadarshini,source_limited_local_draft,source_limited,,pending,108,0
402,LAVANYA NAYAK/ ଲାବଣ୍ୟ ନାୟକ,source_checked_local_draft,,,pending,100,0
403,Toolika Rani,source_checked_local_draft,,,pending,128,1
404,Pallabi Das,source_checked_local_draft,all_recorded_sources_indexed_only,KBL-WA-010,pending,83,0
405,Baijnath Gupta,source_checked_local_draft,,,pending,108,0
406,Bijay Mohapatra/ବିଜୟ ମହାପାତ୍ର,source_checked_local_draft,all_recorded_sources_indexed_only,,pending,115,1
407,Biswanath Kundu,source_checked_local_draft,,,pending,123,1
408,Padmashree R.P.,source_checked_local_draft,all_recorded_sources_indexed_only,KBL-WA-008,pending,76,0
409,Badal Mohanty/ ବାଦଲ ମହାନ୍ତି,source_checked_local_draft,,,pending,108,1
410,Rima Sinha,source_checked_local_draft,,KBL-WA-004,pending,82,0
411,Mahima Gantayat,source_checked_local_draft,,,pending,121,0
412,Sanghamitra Bhanja/ ସଂଘମିତ୍ରା ଭଞ୍ଜ,source_checked_local_draft,,,pending,126,1
413,Sangram Maharana/ ସଂଗ୍ରାମ ମହାରଣା,source_limited_local_draft,source_limited,,pending,89,0
414,Subhashree Lenka/ ଶୁଭଶ୍ରୀ ଲେଙ୍କା,source_checked_local_draft,,,pending,109,1
415,Arun Sahu,source_checked_local_draft,all_recorded_sources_indexed_only,,pending,88,0
416,Nutan Sarawagi,source_checked_local_draft,all_recorded_sources_indexed_only,,pending,132,0
417,Gayatri Mavuru,source_checked_local_draft,,,pending,102,0
418,Sarbani Chakravarti,source_checked_local_draft,all_recorded_sources_indexed_only,,pending,100,1
419,Sonnet Mondal,source_checked_local_draft,,,pending,122,1
420,Tasneem Hossain,source_checked_local_draft,,,pending,120,1
421,Sunanda Tripathy / ଡ଼. ସୁନନ୍ଦା ତ୍ରିପାଠୀ,source_limited_local_draft,source_limited,,pending,90,0
422,Rakshak Nayak / ରକ୍ଷକ ନାୟକ,source_checked_local_draft,,,pending,115,1
423,Youngbo Ma,source_limited_local_draft,source_limited,KBL-WA-009,pending,108,0
424,Sarita Pradhan / ସରିତା ପ୍ରଧାନ,source_limited_local_draft,source_limited,,pending,103,0
425,Tirna Sarkar,source_limited_local_draft,source_limited,,pending,115,0
426,Nisha Raviprasad,source_checked_local_draft,,,pending,101,0
427,Sankar Narayan Mallick,source_checked_local_draft,,,pending,107,1
428,Sumana Bhattacharjee,source_checked_local_draft,all_recorded_sources_indexed_only,,pending,92,1
429,Bharati Hazarika,source_checked_local_draft,all_recorded_sources_indexed_only,KBL-WA-017,pending,115,0
430,Veena Karmachandani,source_checked_local_draft,,,pending,113,0
431,Pankajam Kottanath,source_checked_local_draft,,,pending,104,1
432,Sreema Satpathy,source_checked_local_draft,,,pending,114,0
433,Annwesa Abhipsa Pani,source_checked_local_draft,all_recorded_sources_indexed_only,,pending,90,0
434,Somolekha,source_checked_local_draft,,,pending,90,1
435,Rohit Dash,source_checked_local_draft,all_recorded_sources_indexed_only,,pending,107,2
436,Lopamudra Singh,source_checked_local_draft,,,pending,92,0
437,Bandana Sahoo,source_checked_local_draft,all_recorded_sources_indexed_only,,pending,111,0
438,Zahir Hossain Baidya,source_checked_local_draft,all_recorded_sources_indexed_only,KBL-WA-020,pending,124,0
439,Banasmita Pati,source_checked_local_draft,all_recorded_sources_indexed_only,,pending,108,1
440,Manas Bakshi,source_checked_local_draft,,,pending,122,0
441,Kumudini JEE/ କୁମୁଦିନୀ ଜୀ,source_limited_local_draft,source_limited,,pending,94,0
442,Kanak Manjari Sahoo,source_checked_local_draft,,,pending,117,0
443,Jyotirmaya Thakur,source_checked_local_draft,,,pending,88,1
444,Meenakshi Mohan,source_checked_local_draft,,,pending,122,1
445,Subhasmita Tripathy / ଶୁଭସ୍ମିତା ତ୍ରିପାଠୀ,source_limited_local_draft,source_limited,,pending,84,0
446,GANESWAR BEHERA,source_limited_local_draft,source_limited,,pending,75,0
447,Binay Laha,source_checked_local_draft,all_recorded_sources_indexed_only,,pending,104,0
448,Satya Sundar Samanta,source_checked_local_draft,,,pending,111,2
449,Tulika Bibidh Rang / तूलिका विविध रंग,source_checked_local_draft,all_recorded_sources_indexed_only,KBL-WA-003,pending,116,0
450,Sailabala Mahapatra / ଶୈଳବାଳା ମହାପାତ୍ର,source_checked_local_draft,,,pending,107,2
451,Manas Ranjan Mahapatra / ମାନସ ରଂଜନ ମହାପାତ୍ର,source_checked_local_draft,,,pending,123,0
452,Devendra K Mishra,source_checked_local_draft,,,pending,89,0
453,Niharika Ray Baral / ନିହାରିକା ରାୟ ବରାଳ,source_checked_local_draft,all_recorded_sources_indexed_only,,pending,96,0
454,Divya K Unni,source_checked_local_draft,,,pending,99,1
455,Alok Kumar Ray,source_checked_local_draft,all_recorded_sources_indexed_only,,pending,62,1
456,Antara Mukherjee,source_checked_local_draft,,,pending,65,0
457,Madhusudan Mishra,source_checked_local_draft,,,pending,118,0
458,Someeta Das,source_checked_local_draft,all_recorded_sources_indexed_only,,pending,94,0
459,Sulagna Kar / ସୁଲଗ୍ନା କର,source_limited_local_draft,source_limited,,pending,82,0
460,Anamika Nath,source_checked_local_draft,,,pending,67,0
461,Sanjukta Dash,source_checked_local_draft,,,pending,98,2
462,Juya Tripathy / ଜୁୟା ତ୍ରିପାଠୀ,source_limited_local_draft,source_limited,,pending,76,0
463,Swatilekha Roy,source_checked_local_draft,,,pending,95,0
464,Susmindar Jeet Kaur,source_checked_local_draft,,,pending,94,1
465,Minati Pradhan,source_checked_local_draft,,,pending,117,0
466,Sunanda Pradhan,source_limited_local_draft,source_limited,,pending,90,0
467,Sreekala Sivasankaran,source_checked_local_draft,,,pending,116,1
468,Narayan Sahoo,source_limited_local_draft,source_limited,,pending,88,0
469,Krushna Kumar Mohanty,source_checked_local_draft,,,pending,114,1
470,Meenakshi Goswami,source_checked_local_draft,,,pending,106,0
471,Kallol Choudhury,source_checked_local_draft,,,pending,111,1
472,Manoranjan Sahoo / ମନୋରଞ୍ଜନ ସାହୁ,source_checked_local_draft,,,pending,91,1
